date,bitcoin,isPartial
2014-05-18,2.0,False
2014-05-19,2.0,False
2014-05-20,2.0,False
2014-05-21,2.0,False
2014-05-22,2.0,False
2014-05-23,2.0,False
2014-05-24,2.0,False
2014-05-25,3.0,False
2014-05-26,3.0,False
2014-05-27,3.0,False
2014-05-28,3.0,False
2014-05-29,3.0,False
2014-05-30,3.0,False
2014-05-31,3.0,False
2014-06-01,3.0,False
2014-06-02,3.0,False
2014-06-03,3.0,False
2014-06-04,3.0,False
2014-06-05,3.0,False
2014-06-06,3.0,False
2014-06-07,3.0,False
2014-06-08,3.0,False
2014-06-09,3.0,False
2014-06-10,3.0,False
2014-06-11,3.0,False
2014-06-12,3.0,False
2014-06-13,3.0,False
2014-06-14,3.0,False
2014-06-15,3.0,False
2014-06-16,3.0,False
2014-06-17,3.0,False
2014-06-18,3.0,False
2014-06-19,3.0,False
2014-06-20,3.0,False
2014-06-21,3.0,False
2014-06-22,2.0,False
2014-06-23,2.0,False
2014-06-24,2.0,False
2014-06-25,2.0,False
2014-06-26,2.0,False
2014-06-27,2.0,False
2014-06-28,2.0,False
2014-06-29,2.0,False
2014-06-30,2.0,False
2014-07-01,2.0,False
2014-07-02,2.0,False
2014-07-03,2.0,False
2014-07-04,2.0,False
2014-07-05,2.0,False
2014-07-06,2.0,False
2014-07-07,2.0,False
2014-07-08,2.0,False
2014-07-09,2.0,False
2014-07-10,2.0,False
2014-07-11,2.0,False
2014-07-12,2.0,False
2014-07-13,2.0,False
2014-07-14,2.0,False
2014-07-15,2.0,False
2014-07-16,2.0,False
2014-07-17,2.0,False
2014-07-18,2.0,False
2014-07-19,2.0,False
2014-07-20,2.0,False
2014-07-21,2.0,False
2014-07-22,2.0,False
2014-07-23,2.0,False
2014-07-24,2.0,False
2014-07-25,2.0,False
2014-07-26,2.0,False
2014-07-27,2.0,False
2014-07-28,2.0,False
2014-07-29,2.0,False
2014-07-30,2.0,False
2014-07-31,2.0,False
2014-08-01,2.0,False
2014-08-02,2.0,False
2014-08-03,2.0,False
2014-08-04,2.0,False
2014-08-05,2.0,False
2014-08-06,2.0,False
2014-08-07,2.0,False
2014-08-08,2.0,False
2014-08-09,2.0,False
2014-08-10,3.0,False
2014-08-11,3.0,False
2014-08-12,3.0,False
2014-08-13,3.0,False
2014-08-14,3.0,False
2014-08-15,3.0,False
2014-08-16,3.0,False
2014-08-17,3.0,False
2014-08-18,3.0,False
2014-08-19,3.0,False
2014-08-20,3.0,False
2014-08-21,3.0,False
2014-08-22,3.0,False
2014-08-23,3.0,False
2014-08-24,2.0,False
2014-08-25,2.0,False
2014-08-26,2.0,False
2014-08-27,2.0,False
2014-08-28,2.0,False
2014-08-29,2.0,False
2014-08-30,2.0,False
2014-08-31,2.0,False
2014-09-01,2.0,False
2014-09-02,2.0,False
2014-09-03,2.0,False
2014-09-04,2.0,False
2014-09-05,2.0,False
2014-09-06,2.0,False
2014-09-07,3.0,False
2014-09-08,3.0,False
2014-09-09,3.0,False
2014-09-10,3.0,False
2014-09-11,3.0,False
2014-09-12,3.0,False
2014-09-13,3.0,False
2014-09-14,2.0,False
2014-09-15,2.0,False
2014-09-16,2.0,False
2014-09-17,2.0,False
2014-09-18,2.0,False
2014-09-19,2.0,False
2014-09-20,2.0,False
2014-09-21,2.0,False
2014-09-22,2.0,False
2014-09-23,2.0,False
2014-09-24,2.0,False
2014-09-25,2.0,False
2014-09-26,2.0,False
2014-09-27,2.0,False
2014-09-28,2.0,False
2014-09-29,2.0,False
2014-09-30,2.0,False
2014-10-01,2.0,False
2014-10-02,2.0,False
2014-10-03,2.0,False
2014-10-04,2.0,False
2014-10-05,3.0,False
2014-10-06,3.0,False
2014-10-07,3.0,False
2014-10-08,3.0,False
2014-10-09,3.0,False
2014-10-10,3.0,False
2014-10-11,3.0,False
2014-10-12,2.0,False
2014-10-13,2.0,False
2014-10-14,2.0,False
2014-10-15,2.0,False
2014-10-16,2.0,False
2014-10-17,2.0,False
2014-10-18,2.0,False
2014-10-19,2.0,False
2014-10-20,2.0,False
2014-10-21,2.0,False
2014-10-22,2.0,False
2014-10-23,2.0,False
2014-10-24,2.0,False
2014-10-25,2.0,False
2014-10-26,2.0,False
2014-10-27,2.0,False
2014-10-28,2.0,False
2014-10-29,2.0,False
2014-10-30,2.0,False
2014-10-31,2.0,False
2014-11-01,2.0,False
2014-11-02,2.0,False
2014-11-03,2.0,False
2014-11-04,2.0,False
2014-11-05,2.0,False
2014-11-06,2.0,False
2014-11-07,2.0,False
2014-11-08,2.0,False
2014-11-09,2.0,False
2014-11-10,2.0,False
2014-11-11,2.0,False
2014-11-12,2.0,False
2014-11-13,2.0,False
2014-11-14,2.0,False
2014-11-15,2.0,False
2014-11-16,2.0,False
2014-11-17,2.0,False
2014-11-18,2.0,False
2014-11-19,2.0,False
2014-11-20,2.0,False
2014-11-21,2.0,False
2014-11-22,2.0,False
2014-11-23,2.0,False
2014-11-24,2.0,False
2014-11-25,2.0,False
2014-11-26,2.0,False
2014-11-27,2.0,False
2014-11-28,2.0,False
2014-11-29,2.0,False
2014-11-30,2.0,False
2014-12-01,2.0,False
2014-12-02,2.0,False
2014-12-03,2.0,False
2014-12-04,2.0,False
2014-12-05,2.0,False
2014-12-06,2.0,False
2014-12-07,2.0,False
2014-12-08,2.0,False
2014-12-09,2.0,False
2014-12-10,2.0,False
2014-12-11,2.0,False
2014-12-12,2.0,False
2014-12-13,2.0,False
2014-12-14,2.0,False
2014-12-15,2.0,False
2014-12-16,2.0,False
2014-12-17,2.0,False
2014-12-18,2.0,False
2014-12-19,2.0,False
2014-12-20,2.0,False
2014-12-21,3.0,False
2014-12-22,3.0,False
2014-12-23,3.0,False
2014-12-24,3.0,False
2014-12-25,3.0,False
2014-12-26,3.0,False
2014-12-27,3.0,False
2014-12-28,2.0,False
2014-12-29,2.0,False
2014-12-30,2.0,False
2014-12-31,2.0,False
2015-01-01,2.0,False
2015-01-02,2.0,False
2015-01-03,2.0,False
2015-01-04,3.0,False
2015-01-05,3.0,False
2015-01-06,3.0,False
2015-01-07,3.0,False
2015-01-08,3.0,False
2015-01-09,3.0,False
2015-01-10,3.0,False
2015-01-11,3.0,False
2015-01-12,3.0,False
2015-01-13,3.0,False
2015-01-14,3.0,False
2015-01-15,3.0,False
2015-01-16,3.0,False
2015-01-17,3.0,False
2015-01-18,2.0,False
2015-01-19,2.0,False
2015-01-20,2.0,False
2015-01-21,2.0,False
2015-01-22,2.0,False
2015-01-23,2.0,False
2015-01-24,2.0,False
2015-01-25,2.0,False
2015-01-26,2.0,False
2015-01-27,2.0,False
2015-01-28,2.0,False
2015-01-29,2.0,False
2015-01-30,2.0,False
2015-01-31,2.0,False
2015-02-01,2.0,False
2015-02-02,2.0,False
2015-02-03,2.0,False
2015-02-04,2.0,False
2015-02-05,2.0,False
2015-02-06,2.0,False
2015-02-07,2.0,False
2015-02-08,2.0,False
2015-02-09,2.0,False
2015-02-10,2.0,False
2015-02-11,2.0,False
2015-02-12,2.0,False
2015-02-13,2.0,False
2015-02-14,2.0,False
2015-02-15,2.0,False
2015-02-16,2.0,False
2015-02-17,2.0,False
2015-02-18,2.0,False
2015-02-19,2.0,False
2015-02-20,2.0,False
2015-02-21,2.0,False
2015-02-22,2.0,False
2015-02-23,2.0,False
2015-02-24,2.0,False
2015-02-25,2.0,False
2015-02-26,2.0,False
2015-02-27,2.0,False
2015-02-28,2.0,False
2015-03-01,2.0,False
2015-03-02,2.0,False
2015-03-03,2.0,False
2015-03-04,2.0,False
2015-03-05,2.0,False
2015-03-06,2.0,False
2015-03-07,2.0,False
2015-03-08,2.0,False
2015-03-09,2.0,False
2015-03-10,2.0,False
2015-03-11,2.0,False
2015-03-12,2.0,False
2015-03-13,2.0,False
2015-03-14,2.0,False
2015-03-15,2.0,False
2015-03-16,2.0,False
2015-03-17,2.0,False
2015-03-18,2.0,False
2015-03-19,2.0,False
2015-03-20,2.0,False
2015-03-21,2.0,False
2015-03-22,2.0,False
2015-03-23,2.0,False
2015-03-24,2.0,False
2015-03-25,2.0,False
2015-03-26,2.0,False
2015-03-27,2.0,False
2015-03-28,2.0,False
2015-03-29,2.0,False
2015-03-30,2.0,False
2015-03-31,2.0,False
2015-04-01,2.0,False
2015-04-02,2.0,False
2015-04-03,2.0,False
2015-04-04,2.0,False
2015-04-05,2.0,False
2015-04-06,2.0,False
2015-04-07,2.0,False
2015-04-08,2.0,False
2015-04-09,2.0,False
2015-04-10,2.0,False
2015-04-11,2.0,False
2015-04-12,2.0,False
2015-04-13,2.0,False
2015-04-14,2.0,False
2015-04-15,2.0,False
2015-04-16,2.0,False
2015-04-17,2.0,False
2015-04-18,2.0,False
2015-04-19,2.0,False
2015-04-20,2.0,False
2015-04-21,2.0,False
2015-04-22,2.0,False
2015-04-23,2.0,False
2015-04-24,2.0,False
2015-04-25,2.0,False
2015-04-26,2.0,False
2015-04-27,2.0,False
2015-04-28,2.0,False
2015-04-29,2.0,False
2015-04-30,2.0,False
2015-05-01,2.0,False
2015-05-02,2.0,False
2015-05-03,2.0,False
2015-05-04,2.0,False
2015-05-05,2.0,False
2015-05-06,2.0,False
2015-05-07,2.0,False
2015-05-08,2.0,False
2015-05-09,2.0,False
2015-05-10,2.0,False
2015-05-11,2.0,False
2015-05-12,2.0,False
2015-05-13,2.0,False
2015-05-14,2.0,False
2015-05-15,2.0,False
2015-05-16,2.0,False
2015-05-17,2.0,False
2015-05-18,2.0,False
2015-05-19,2.0,False
2015-05-20,2.0,False
2015-05-21,2.0,False
2015-05-22,2.0,False
2015-05-23,2.0,False
2015-05-24,2.0,False
2015-05-25,2.0,False
2015-05-26,2.0,False
2015-05-27,2.0,False
2015-05-28,2.0,False
2015-05-29,2.0,False
2015-05-30,2.0,False
2015-05-31,2.0,False
2015-06-01,2.0,False
2015-06-02,2.0,False
2015-06-03,2.0,False
2015-06-04,2.0,False
2015-06-05,2.0,False
2015-06-06,2.0,False
2015-06-07,2.0,False
2015-06-08,2.0,False
2015-06-09,2.0,False
2015-06-10,2.0,False
2015-06-11,2.0,False
2015-06-12,2.0,False
2015-06-13,2.0,False
2015-06-14,2.0,False
2015-06-15,2.0,False
2015-06-16,2.0,False
2015-06-17,2.0,False
2015-06-18,2.0,False
2015-06-19,2.0,False
2015-06-20,2.0,False
2015-06-21,2.0,False
2015-06-22,2.0,False
2015-06-23,2.0,False
2015-06-24,2.0,False
2015-06-25,2.0,False
2015-06-26,2.0,False
2015-06-27,2.0,False
2015-06-28,2.0,False
2015-06-29,2.0,False
2015-06-30,2.0,False
2015-07-01,2.0,False
2015-07-02,2.0,False
2015-07-03,2.0,False
2015-07-04,2.0,False
2015-07-05,2.0,False
2015-07-06,2.0,False
2015-07-07,2.0,False
2015-07-08,2.0,False
2015-07-09,2.0,False
2015-07-10,2.0,False
2015-07-11,2.0,False
2015-07-12,2.0,False
2015-07-13,2.0,False
2015-07-14,2.0,False
2015-07-15,2.0,False
2015-07-16,2.0,False
2015-07-17,2.0,False
2015-07-18,2.0,False
2015-07-19,2.0,False
2015-07-20,2.0,False
2015-07-21,2.0,False
2015-07-22,2.0,False
2015-07-23,2.0,False
2015-07-24,2.0,False
2015-07-25,2.0,False
2015-07-26,2.0,False
2015-07-27,2.0,False
2015-07-28,2.0,False
2015-07-29,2.0,False
2015-07-30,2.0,False
2015-07-31,2.0,False
2015-08-01,2.0,False
2015-08-02,2.0,False
2015-08-03,2.0,False
2015-08-04,2.0,False
2015-08-05,2.0,False
2015-08-06,2.0,False
2015-08-07,2.0,False
2015-08-08,2.0,False
2015-08-09,2.0,False
2015-08-10,2.0,False
2015-08-11,2.0,False
2015-08-12,2.0,False
2015-08-13,2.0,False
2015-08-14,2.0,False
2015-08-15,2.0,False
2015-08-16,2.0,False
2015-08-17,2.0,False
2015-08-18,2.0,False
2015-08-19,2.0,False
2015-08-20,2.0,False
2015-08-21,2.0,False
2015-08-22,2.0,False
2015-08-23,2.0,False
2015-08-24,2.0,False
2015-08-25,2.0,False
2015-08-26,2.0,False
2015-08-27,2.0,False
2015-08-28,2.0,False
2015-08-29,2.0,False
2015-08-30,2.0,False
2015-08-31,2.0,False
2015-09-01,2.0,False
2015-09-02,2.0,False
2015-09-03,2.0,False
2015-09-04,2.0,False
2015-09-05,2.0,False
2015-09-06,2.0,False
2015-09-07,2.0,False
2015-09-08,2.0,False
2015-09-09,2.0,False
2015-09-10,2.0,False
2015-09-11,2.0,False
2015-09-12,2.0,False
2015-09-13,2.0,False
2015-09-14,2.0,False
2015-09-15,2.0,False
2015-09-16,2.0,False
2015-09-17,2.0,False
2015-09-18,2.0,False
2015-09-19,2.0,False
2015-09-20,2.0,False
2015-09-21,2.0,False
2015-09-22,2.0,False
2015-09-23,2.0,False
2015-09-24,2.0,False
2015-09-25,2.0,False
2015-09-26,2.0,False
2015-09-27,2.0,False
2015-09-28,2.0,False
2015-09-29,2.0,False
2015-09-30,2.0,False
2015-10-01,2.0,False
2015-10-02,2.0,False
2015-10-03,2.0,False
2015-10-04,2.0,False
2015-10-05,2.0,False
2015-10-06,2.0,False
2015-10-07,2.0,False
2015-10-08,2.0,False
2015-10-09,2.0,False
2015-10-10,2.0,False
2015-10-11,2.0,False
2015-10-12,2.0,False
2015-10-13,2.0,False
2015-10-14,2.0,False
2015-10-15,2.0,False
2015-10-16,2.0,False
2015-10-17,2.0,False
2015-10-18,2.0,False
2015-10-19,2.0,False
2015-10-20,2.0,False
2015-10-21,2.0,False
2015-10-22,2.0,False
2015-10-23,2.0,False
2015-10-24,2.0,False
2015-10-25,2.0,False
2015-10-26,2.0,False
2015-10-27,2.0,False
2015-10-28,2.0,False
2015-10-29,2.0,False
2015-10-30,2.0,False
2015-10-31,2.0,False
2015-11-01,4.0,False
2015-11-02,4.0,False
2015-11-03,4.0,False
2015-11-04,4.0,False
2015-11-05,4.0,False
2015-11-06,4.0,False
2015-11-07,4.0,False
2015-11-08,3.0,False
2015-11-09,3.0,False
2015-11-10,3.0,False
2015-11-11,3.0,False
2015-11-12,3.0,False
2015-11-13,3.0,False
2015-11-14,3.0,False
2015-11-15,3.0,False
2015-11-16,3.0,False
2015-11-17,3.0,False
2015-11-18,3.0,False
2015-11-19,3.0,False
2015-11-20,3.0,False
2015-11-21,3.0,False
2015-11-22,2.0,False
2015-11-23,2.0,False
2015-11-24,2.0,False
2015-11-25,2.0,False
2015-11-26,2.0,False
2015-11-27,2.0,False
2015-11-28,2.0,False
2015-11-29,2.0,False
2015-11-30,2.0,False
2015-12-01,2.0,False
2015-12-02,2.0,False
2015-12-03,2.0,False
2015-12-04,2.0,False
2015-12-05,2.0,False
2015-12-06,4.0,False
2015-12-07,4.0,False
2015-12-08,4.0,False
2015-12-09,4.0,False
2015-12-10,4.0,False
2015-12-11,4.0,False
2015-12-12,4.0,False
2015-12-13,3.0,False
2015-12-14,3.0,False
2015-12-15,3.0,False
2015-12-16,3.0,False
2015-12-17,3.0,False
2015-12-18,3.0,False
2015-12-19,3.0,False
2015-12-20,3.0,False
2015-12-21,3.0,False
2015-12-22,3.0,False
2015-12-23,3.0,False
2015-12-24,3.0,False
2015-12-25,3.0,False
2015-12-26,3.0,False
2015-12-27,2.0,False
2015-12-28,2.0,False
2015-12-29,2.0,False
2015-12-30,2.0,False
2015-12-31,2.0,False
2016-01-01,2.0,False
2016-01-02,2.0,False
2016-01-03,3.0,False
2016-01-04,3.0,False
2016-01-05,3.0,False
2016-01-06,3.0,False
2016-01-07,3.0,False
2016-01-08,3.0,False
2016-01-09,3.0,False
2016-01-10,3.0,False
2016-01-11,3.0,False
2016-01-12,3.0,False
2016-01-13,3.0,False
2016-01-14,3.0,False
2016-01-15,3.0,False
2016-01-16,3.0,False
2016-01-17,3.0,False
2016-01-18,3.0,False
2016-01-19,3.0,False
2016-01-20,3.0,False
2016-01-21,3.0,False
2016-01-22,3.0,False
2016-01-23,3.0,False
2016-01-24,2.0,False
2016-01-25,2.0,False
2016-01-26,2.0,False
2016-01-27,2.0,False
2016-01-28,2.0,False
2016-01-29,2.0,False
2016-01-30,2.0,False
2016-01-31,2.0,False
2016-02-01,2.0,False
2016-02-02,2.0,False
2016-02-03,2.0,False
2016-02-04,2.0,False
2016-02-05,2.0,False
2016-02-06,2.0,False
2016-02-07,2.0,False
2016-02-08,2.0,False
2016-02-09,2.0,False
2016-02-10,2.0,False
2016-02-11,2.0,False
2016-02-12,2.0,False
2016-02-13,2.0,False
2016-02-14,3.0,False
2016-02-15,3.0,False
2016-02-16,3.0,False
2016-02-17,3.0,False
2016-02-18,3.0,False
2016-02-19,3.0,False
2016-02-20,3.0,False
2016-02-21,2.0,False
2016-02-22,2.0,False
2016-02-23,2.0,False
2016-02-24,2.0,False
2016-02-25,2.0,False
2016-02-26,2.0,False
2016-02-27,2.0,False
2016-02-28,2.0,False
2016-02-29,2.0,False
2016-03-01,2.0,False
2016-03-02,2.0,False
2016-03-03,2.0,False
2016-03-04,2.0,False
2016-03-05,2.0,False
2016-03-06,2.0,False
2016-03-07,2.0,False
2016-03-08,2.0,False
2016-03-09,2.0,False
2016-03-10,2.0,False
2016-03-11,2.0,False
2016-03-12,2.0,False
2016-03-13,2.0,False
2016-03-14,2.0,False
2016-03-15,2.0,False
2016-03-16,2.0,False
2016-03-17,2.0,False
2016-03-18,2.0,False
2016-03-19,2.0,False
2016-03-20,2.0,False
2016-03-21,2.0,False
2016-03-22,2.0,False
2016-03-23,2.0,False
2016-03-24,2.0,False
2016-03-25,2.0,False
2016-03-26,2.0,False
2016-03-27,2.0,False
2016-03-28,2.0,False
2016-03-29,2.0,False
2016-03-30,2.0,False
2016-03-31,2.0,False
2016-04-01,2.0,False
2016-04-02,2.0,False
2016-04-03,2.0,False
2016-04-04,2.0,False
2016-04-05,2.0,False
2016-04-06,2.0,False
2016-04-07,2.0,False
2016-04-08,2.0,False
2016-04-09,2.0,False
2016-04-10,2.0,False
2016-04-11,2.0,False
2016-04-12,2.0,False
2016-04-13,2.0,False
2016-04-14,2.0,False
2016-04-15,2.0,False
2016-04-16,2.0,False
2016-04-17,2.0,False
2016-04-18,2.0,False
2016-04-19,2.0,False
2016-04-20,2.0,False
2016-04-21,2.0,False
2016-04-22,2.0,False
2016-04-23,2.0,False
2016-04-24,3.0,False
2016-04-25,3.0,False
2016-04-26,3.0,False
2016-04-27,3.0,False
2016-04-28,3.0,False
2016-04-29,3.0,False
2016-04-30,3.0,False
2016-05-01,4.0,False
2016-05-02,4.0,False
2016-05-03,4.0,False
2016-05-04,4.0,False
2016-05-05,4.0,False
2016-05-06,4.0,False
2016-05-07,4.0,False
2016-05-08,3.0,False
2016-05-09,3.0,False
2016-05-10,3.0,False
2016-05-11,3.0,False
2016-05-12,3.0,False
2016-05-13,3.0,False
2016-05-14,3.0,False
2016-05-15,2.0,False
2016-05-16,2.0,False
2016-05-17,2.0,False
2016-05-18,2.0,False
2016-05-19,2.0,False
2016-05-20,2.0,False
2016-05-21,2.0,False
2016-05-22,2.0,False
2016-05-23,2.0,False
2016-05-24,2.0,False
2016-05-25,2.0,False
2016-05-26,2.0,False
2016-05-27,2.0,False
2016-05-28,2.0,False
2016-05-29,3.0,False
2016-05-30,3.0,False
2016-05-31,3.0,False
2016-06-01,3.0,False
2016-06-02,3.0,False
2016-06-03,3.0,False
2016-06-04,3.0,False
2016-06-05,3.0,False
2016-06-06,3.0,False
2016-06-07,3.0,False
2016-06-08,3.0,False
2016-06-09,3.0,False
2016-06-10,3.0,False
2016-06-11,3.0,False
2016-06-12,4.0,False
2016-06-13,4.0,False
2016-06-14,4.0,False
2016-06-15,4.0,False
2016-06-16,4.0,False
2016-06-17,4.0,False
2016-06-18,4.0,False
2016-06-19,4.0,False
2016-06-20,4.0,False
2016-06-21,4.0,False
2016-06-22,4.0,False
2016-06-23,4.0,False
2016-06-24,4.0,False
2016-06-25,4.0,False
2016-06-26,3.0,False
2016-06-27,3.0,False
2016-06-28,3.0,False
2016-06-29,3.0,False
2016-06-30,3.0,False
2016-07-01,3.0,False
2016-07-02,3.0,False
2016-07-03,3.0,False
2016-07-04,3.0,False
2016-07-05,3.0,False
2016-07-06,3.0,False
2016-07-07,3.0,False
2016-07-08,3.0,False
2016-07-09,3.0,False
2016-07-10,3.0,False
2016-07-11,3.0,False
2016-07-12,3.0,False
2016-07-13,3.0,False
2016-07-14,3.0,False
2016-07-15,3.0,False
2016-07-16,3.0,False
2016-07-17,3.0,False
2016-07-18,3.0,False
2016-07-19,3.0,False
2016-07-20,3.0,False
2016-07-21,3.0,False
2016-07-22,3.0,False
2016-07-23,3.0,False
2016-07-24,3.0,False
2016-07-25,3.0,False
2016-07-26,3.0,False
2016-07-27,3.0,False
2016-07-28,3.0,False
2016-07-29,3.0,False
2016-07-30,3.0,False
2016-07-31,4.0,False
2016-08-01,4.0,False
2016-08-02,4.0,False
2016-08-03,4.0,False
2016-08-04,4.0,False
2016-08-05,4.0,False
2016-08-06,4.0,False
2016-08-07,3.0,False
2016-08-08,3.0,False
2016-08-09,3.0,False
2016-08-10,3.0,False
2016-08-11,3.0,False
2016-08-12,3.0,False
2016-08-13,3.0,False
2016-08-14,2.0,False
2016-08-15,2.0,False
2016-08-16,2.0,False
2016-08-17,2.0,False
2016-08-18,2.0,False
2016-08-19,2.0,False
2016-08-20,2.0,False
2016-08-21,2.0,False
2016-08-22,2.0,False
2016-08-23,2.0,False
2016-08-24,2.0,False
2016-08-25,2.0,False
2016-08-26,2.0,False
2016-08-27,2.0,False
2016-08-28,2.0,False
2016-08-29,2.0,False
2016-08-30,2.0,False
2016-08-31,2.0,False
2016-09-01,2.0,False
2016-09-02,2.0,False
2016-09-03,2.0,False
2016-09-04,3.0,False
2016-09-05,3.0,False
2016-09-06,3.0,False
2016-09-07,3.0,False
2016-09-08,3.0,False
2016-09-09,3.0,False
2016-09-10,3.0,False
2016-09-11,3.0,False
2016-09-12,3.0,False
2016-09-13,3.0,False
2016-09-14,3.0,False
2016-09-15,3.0,False
2016-09-16,3.0,False
2016-09-17,3.0,False
2016-09-18,3.0,False
2016-09-19,3.0,False
2016-09-20,3.0,False
2016-09-21,3.0,False
2016-09-22,3.0,False
2016-09-23,3.0,False
2016-09-24,3.0,False
2016-09-25,2.0,False
2016-09-26,2.0,False
2016-09-27,2.0,False
2016-09-28,2.0,False
2016-09-29,2.0,False
2016-09-30,2.0,False
2016-10-01,2.0,False
2016-10-02,2.0,False
2016-10-03,2.0,False
2016-10-04,2.0,False
2016-10-05,2.0,False
2016-10-06,2.0,False
2016-10-07,2.0,False
2016-10-08,2.0,False
2016-10-09,3.0,False
2016-10-10,3.0,False
2016-10-11,3.0,False
2016-10-12,3.0,False
2016-10-13,3.0,False
2016-10-14,3.0,False
2016-10-15,3.0,False
2016-10-16,3.0,False
2016-10-17,3.0,False
2016-10-18,3.0,False
2016-10-19,3.0,False
2016-10-20,3.0,False
2016-10-21,3.0,False
2016-10-22,3.0,False
2016-10-23,3.0,False
2016-10-24,3.0,False
2016-10-25,3.0,False
2016-10-26,3.0,False
2016-10-27,3.0,False
2016-10-28,3.0,False
2016-10-29,3.0,False
2016-10-30,3.0,False
2016-10-31,3.0,False
2016-11-01,3.0,False
2016-11-02,3.0,False
2016-11-03,3.0,False
2016-11-04,3.0,False
2016-11-05,3.0,False
2016-11-06,3.0,False
2016-11-07,3.0,False
2016-11-08,3.0,False
2016-11-09,3.0,False
2016-11-10,3.0,False
2016-11-11,3.0,False
2016-11-12,3.0,False
2016-11-13,3.0,False
2016-11-14,3.0,False
2016-11-15,3.0,False
2016-11-16,3.0,False
2016-11-17,3.0,False
2016-11-18,3.0,False
2016-11-19,3.0,False
2016-11-20,3.0,False
2016-11-21,3.0,False
2016-11-22,3.0,False
2016-11-23,3.0,False
2016-11-24,3.0,False
2016-11-25,3.0,False
2016-11-26,3.0,False
2016-11-27,3.0,False
2016-11-28,3.0,False
2016-11-29,3.0,False
2016-11-30,3.0,False
2016-12-01,3.0,False
2016-12-02,3.0,False
2016-12-03,3.0,False
2016-12-04,3.0,False
2016-12-05,3.0,False
2016-12-06,3.0,False
2016-12-07,3.0,False
2016-12-08,3.0,False
2016-12-09,3.0,False
2016-12-10,3.0,False
2016-12-11,3.0,False
2016-12-12,3.0,False
2016-12-13,3.0,False
2016-12-14,3.0,False
2016-12-15,3.0,False
2016-12-16,3.0,False
2016-12-17,3.0,False
2016-12-18,4.0,False
2016-12-19,4.0,False
2016-12-20,4.0,False
2016-12-21,4.0,False
2016-12-22,4.0,False
2016-12-23,4.0,False
2016-12-24,4.0,False
2016-12-25,5.0,False
2016-12-26,5.0,False
2016-12-27,5.0,False
2016-12-28,5.0,False
2016-12-29,5.0,False
2016-12-30,5.0,False
2016-12-31,5.0,False
2017-01-01,7.0,False
2017-01-02,7.0,False
2017-01-03,7.0,False
2017-01-04,7.0,False
2017-01-05,7.0,False
2017-01-06,7.0,False
2017-01-07,7.0,False
2017-01-08,6.0,False
2017-01-09,6.0,False
2017-01-10,6.0,False
2017-01-11,6.0,False
2017-01-12,6.0,False
2017-01-13,6.0,False
2017-01-14,6.0,False
2017-01-15,4.0,False
2017-01-16,4.0,False
2017-01-17,4.0,False
2017-01-18,4.0,False
2017-01-19,4.0,False
2017-01-20,4.0,False
2017-01-21,4.0,False
2017-01-22,4.0,False
2017-01-23,4.0,False
2017-01-24,4.0,False
2017-01-25,4.0,False
2017-01-26,4.0,False
2017-01-27,4.0,False
2017-01-28,4.0,False
2017-01-29,4.0,False
2017-01-30,4.0,False
2017-01-31,4.0,False
2017-02-01,4.0,False
2017-02-02,4.0,False
2017-02-03,4.0,False
2017-02-04,4.0,False
2017-02-05,5.0,False
2017-02-06,5.0,False
2017-02-07,5.0,False
2017-02-08,5.0,False
2017-02-09,5.0,False
2017-02-10,5.0,False
2017-02-11,5.0,False
2017-02-12,4.0,False
2017-02-13,4.0,False
2017-02-14,4.0,False
2017-02-15,4.0,False
2017-02-16,4.0,False
2017-02-17,4.0,False
2017-02-18,4.0,False
2017-02-19,5.0,False
2017-02-20,5.0,False
2017-02-21,5.0,False
2017-02-22,5.0,False
2017-02-23,5.0,False
2017-02-24,5.0,False
2017-02-25,5.0,False
2017-02-26,6.0,False
2017-02-27,6.0,False
2017-02-28,6.0,False
2017-03-01,6.0,False
2017-03-02,6.0,False
2017-03-03,6.0,False
2017-03-04,6.0,False
2017-03-05,7.0,False
2017-03-06,7.0,False
2017-03-07,7.0,False
2017-03-08,7.0,False
2017-03-09,7.0,False
2017-03-10,7.0,False
2017-03-11,7.0,False
2017-03-12,6.0,False
2017-03-13,6.0,False
2017-03-14,6.0,False
2017-03-15,6.0,False
2017-03-16,6.0,False
2017-03-17,6.0,False
2017-03-18,6.0,False
2017-03-19,6.0,False
2017-03-20,6.0,False
2017-03-21,6.0,False
2017-03-22,6.0,False
2017-03-23,6.0,False
2017-03-24,6.0,False
2017-03-25,6.0,False
2017-03-26,5.0,False
2017-03-27,5.0,False
2017-03-28,5.0,False
2017-03-29,5.0,False
2017-03-30,5.0,False
2017-03-31,5.0,False
2017-04-01,5.0,False
2017-04-02,5.0,False
2017-04-03,5.0,False
2017-04-04,5.0,False
2017-04-05,5.0,False
2017-04-06,5.0,False
2017-04-07,5.0,False
2017-04-08,5.0,False
2017-04-09,5.0,False
2017-04-10,5.0,False
2017-04-11,5.0,False
2017-04-12,5.0,False
2017-04-13,5.0,False
2017-04-14,5.0,False
2017-04-15,5.0,False
2017-04-16,5.0,False
2017-04-17,5.0,False
2017-04-18,5.0,False
2017-04-19,5.0,False
2017-04-20,5.0,False
2017-04-21,5.0,False
2017-04-22,5.0,False
2017-04-23,5.0,False
2017-04-24,5.0,False
2017-04-25,5.0,False
2017-04-26,5.0,False
2017-04-27,5.0,False
2017-04-28,5.0,False
2017-04-29,5.0,False
2017-04-30,7.0,False
2017-05-01,7.0,False
2017-05-02,7.0,False
2017-05-03,7.0,False
2017-05-04,7.0,False
2017-05-05,7.0,False
2017-05-06,7.0,False
2017-05-07,10.0,False
2017-05-08,10.0,False
2017-05-09,10.0,False
2017-05-10,10.0,False
2017-05-11,10.0,False
2017-05-12,10.0,False
2017-05-13,10.0,False
2017-05-14,11.0,False
2017-05-15,11.0,False
2017-05-16,11.0,False
2017-05-17,11.0,False
2017-05-18,11.0,False
2017-05-19,11.0,False
2017-05-20,11.0,False
2017-05-21,19.0,False
2017-05-22,19.0,False
2017-05-23,19.0,False
2017-05-24,19.0,False
2017-05-25,19.0,False
2017-05-26,19.0,False
2017-05-27,19.0,False
2017-05-28,12.0,False
2017-05-29,12.0,False
2017-05-30,12.0,False
2017-05-31,12.0,False
2017-06-01,12.0,False
2017-06-02,12.0,False
2017-06-03,12.0,False
2017-06-04,12.0,False
2017-06-05,12.0,False
2017-06-06,12.0,False
2017-06-07,12.0,False
2017-06-08,12.0,False
2017-06-09,12.0,False
2017-06-10,12.0,False
2017-06-11,13.0,False
2017-06-12,13.0,False
2017-06-13,13.0,False
2017-06-14,13.0,False
2017-06-15,13.0,False
2017-06-16,13.0,False
2017-06-17,13.0,False
2017-06-18,11.0,False
2017-06-19,11.0,False
2017-06-20,11.0,False
2017-06-21,11.0,False
2017-06-22,11.0,False
2017-06-23,11.0,False
2017-06-24,11.0,False
2017-06-25,11.0,False
2017-06-26,11.0,False
2017-06-27,11.0,False
2017-06-28,11.0,False
2017-06-29,11.0,False
2017-06-30,11.0,False
2017-07-01,11.0,False
2017-07-02,9.0,False
2017-07-03,9.0,False
2017-07-04,9.0,False
2017-07-05,9.0,False
2017-07-06,9.0,False
2017-07-07,9.0,False
2017-07-08,9.0,False
2017-07-09,10.0,False
2017-07-10,10.0,False
2017-07-11,10.0,False
2017-07-12,10.0,False
2017-07-13,10.0,False
2017-07-14,10.0,False
2017-07-15,10.0,False
2017-07-16,12.0,False
2017-07-17,12.0,False
2017-07-18,12.0,False
2017-07-19,12.0,False
2017-07-20,12.0,False
2017-07-21,12.0,False
2017-07-22,12.0,False
2017-07-23,11.0,False
2017-07-24,11.0,False
2017-07-25,11.0,False
2017-07-26,11.0,False
2017-07-27,11.0,False
2017-07-28,11.0,False
2017-07-29,11.0,False
2017-07-30,15.0,False
2017-07-31,15.0,False
2017-08-01,15.0,False
2017-08-02,15.0,False
2017-08-03,15.0,False
2017-08-04,15.0,False
2017-08-05,15.0,False
2017-08-06,15.0,False
2017-08-07,15.0,False
2017-08-08,15.0,False
2017-08-09,15.0,False
2017-08-10,15.0,False
2017-08-11,15.0,False
2017-08-12,15.0,False
2017-08-13,20.0,False
2017-08-14,20.0,False
2017-08-15,20.0,False
2017-08-16,20.0,False
2017-08-17,20.0,False
2017-08-18,20.0,False
2017-08-19,20.0,False
2017-08-20,16.0,False
2017-08-21,16.0,False
2017-08-22,16.0,False
2017-08-23,16.0,False
2017-08-24,16.0,False
2017-08-25,16.0,False
2017-08-26,16.0,False
2017-08-27,17.0,False
2017-08-28,17.0,False
2017-08-29,17.0,False
2017-08-30,17.0,False
2017-08-31,17.0,False
2017-09-01,17.0,False
2017-09-02,17.0,False
2017-09-03,18.0,False
2017-09-04,18.0,False
2017-09-05,18.0,False
2017-09-06,18.0,False
2017-09-07,18.0,False
2017-09-08,18.0,False
2017-09-09,18.0,False
2017-09-10,21.0,False
2017-09-11,21.0,False
2017-09-12,21.0,False
2017-09-13,21.0,False
2017-09-14,21.0,False
2017-09-15,21.0,False
2017-09-16,21.0,False
2017-09-17,16.0,False
2017-09-18,16.0,False
2017-09-19,16.0,False
2017-09-20,16.0,False
2017-09-21,16.0,False
2017-09-22,16.0,False
2017-09-23,16.0,False
2017-09-24,13.0,False
2017-09-25,13.0,False
2017-09-26,13.0,False
2017-09-27,13.0,False
2017-09-28,13.0,False
2017-09-29,13.0,False
2017-09-30,13.0,False
2017-10-01,12.0,False
2017-10-02,12.0,False
2017-10-03,12.0,False
2017-10-04,12.0,False
2017-10-05,12.0,False
2017-10-06,12.0,False
2017-10-07,12.0,False
2017-10-08,19.0,False
2017-10-09,19.0,False
2017-10-10,19.0,False
2017-10-11,19.0,False
2017-10-12,19.0,False
2017-10-13,19.0,False
2017-10-14,19.0,False
2017-10-15,20.0,False
2017-10-16,20.0,False
2017-10-17,20.0,False
2017-10-18,20.0,False
2017-10-19,20.0,False
2017-10-20,20.0,False
2017-10-21,20.0,False
2017-10-22,21.0,False
2017-10-23,21.0,False
2017-10-24,21.0,False
2017-10-25,21.0,False
2017-10-26,21.0,False
2017-10-27,21.0,False
2017-10-28,21.0,False
2017-10-29,28.0,False
2017-10-30,28.0,False
2017-10-31,28.0,False
2017-11-01,28.0,False
2017-11-02,28.0,False
2017-11-03,28.0,False
2017-11-04,28.0,False
2017-11-05,29.0,False
2017-11-06,29.0,False
2017-11-07,29.0,False
2017-11-08,29.0,False
2017-11-09,29.0,False
2017-11-10,29.0,False
2017-11-11,29.0,False
2017-11-12,31.0,False
2017-11-13,31.0,False
2017-11-14,31.0,False
2017-11-15,31.0,False
2017-11-16,31.0,False
2017-11-17,31.0,False
2017-11-18,31.0,False
2017-11-19,28.0,False
2017-11-20,28.0,False
2017-11-21,28.0,False
2017-11-22,28.0,False
2017-11-23,28.0,False
2017-11-24,28.0,False
2017-11-25,28.0,False
2017-11-26,66.0,False
2017-11-27,66.0,False
2017-11-28,66.0,False
2017-11-29,66.0,False
2017-11-30,66.0,False
2017-12-01,66.0,False
2017-12-02,66.0,False
2017-12-03,91.0,False
2017-12-04,91.0,False
2017-12-05,91.0,False
2017-12-06,91.0,False
2017-12-07,91.0,False
2017-12-08,91.0,False
2017-12-09,91.0,False
2017-12-10,85.0,False
2017-12-11,85.0,False
2017-12-12,85.0,False
2017-12-13,85.0,False
2017-12-14,85.0,False
2017-12-15,85.0,False
2017-12-16,85.0,False
2017-12-17,100.0,False
2017-12-18,100.0,False
2017-12-19,100.0,False
2017-12-20,100.0,False
2017-12-21,100.0,False
2017-12-22,100.0,False
2017-12-23,100.0,False
2017-12-24,63.0,False
2017-12-25,63.0,False
2017-12-26,63.0,False
2017-12-27,63.0,False
2017-12-28,63.0,False
2017-12-29,63.0,False
2017-12-30,63.0,False
2017-12-31,47.0,False
2018-01-01,47.0,False
2018-01-02,47.0,False
2018-01-03,47.0,False
2018-01-04,47.0,False
2018-01-05,47.0,False
2018-01-06,47.0,False
2018-01-07,46.0,False
2018-01-08,46.0,False
2018-01-09,46.0,False
2018-01-10,46.0,False
2018-01-11,46.0,False
2018-01-12,46.0,False
2018-01-13,46.0,False
2018-01-14,57.0,False
2018-01-15,57.0,False
2018-01-16,57.0,False
2018-01-17,57.0,False
2018-01-18,57.0,False
2018-01-19,57.0,False
2018-01-20,57.0,False
2018-01-21,38.0,False
2018-01-22,38.0,False
2018-01-23,38.0,False
2018-01-24,38.0,False
2018-01-25,38.0,False
2018-01-26,38.0,False
2018-01-27,38.0,False
2018-01-28,41.0,False
2018-01-29,41.0,False
2018-01-30,41.0,False
2018-01-31,41.0,False
2018-02-01,41.0,False
2018-02-02,41.0,False
2018-02-03,41.0,False
2018-02-04,47.0,False
2018-02-05,47.0,False
2018-02-06,47.0,False
2018-02-07,47.0,False
2018-02-08,47.0,False
2018-02-09,47.0,False
2018-02-10,47.0,False
2018-02-11,27.0,False
2018-02-12,27.0,False
2018-02-13,27.0,False
2018-02-14,27.0,False
2018-02-15,27.0,False
2018-02-16,27.0,False
2018-02-17,27.0,False
2018-02-18,24.0,False
2018-02-19,24.0,False
2018-02-20,24.0,False
2018-02-21,24.0,False
2018-02-22,24.0,False
2018-02-23,24.0,False
2018-02-24,24.0,False
2018-02-25,19.0,False
2018-02-26,19.0,False
2018-02-27,19.0,False
2018-02-28,19.0,False
2018-03-01,19.0,False
2018-03-02,19.0,False
2018-03-03,19.0,False
2018-03-04,19.0,False
2018-03-05,19.0,False
2018-03-06,19.0,False
2018-03-07,19.0,False
2018-03-08,19.0,False
2018-03-09,19.0,False
2018-03-10,19.0,False
2018-03-11,19.0,False
2018-03-12,19.0,False
2018-03-13,19.0,False
2018-03-14,19.0,False
2018-03-15,19.0,False
2018-03-16,19.0,False
2018-03-17,19.0,False
2018-03-18,18.0,False
2018-03-19,18.0,False
2018-03-20,18.0,False
2018-03-21,18.0,False
2018-03-22,18.0,False
2018-03-23,18.0,False
2018-03-24,18.0,False
2018-03-25,18.0,False
2018-03-26,18.0,False
2018-03-27,18.0,False
2018-03-28,18.0,False
2018-03-29,18.0,False
2018-03-30,18.0,False
2018-03-31,18.0,False
2018-04-01,17.0,False
2018-04-02,17.0,False
2018-04-03,17.0,False
2018-04-04,17.0,False
2018-04-05,17.0,False
2018-04-06,17.0,False
2018-04-07,17.0,False
2018-04-08,16.0,False
2018-04-09,16.0,False
2018-04-10,16.0,False
2018-04-11,16.0,False
2018-04-12,16.0,False
2018-04-13,16.0,False
2018-04-14,16.0,False
2018-04-15,14.0,False
2018-04-16,14.0,False
2018-04-17,14.0,False
2018-04-18,14.0,False
2018-04-19,14.0,False
2018-04-20,14.0,False
2018-04-21,14.0,False
2018-04-22,15.0,False
2018-04-23,15.0,False
2018-04-24,15.0,False
2018-04-25,15.0,False
2018-04-26,15.0,False
2018-04-27,15.0,False
2018-04-28,15.0,False
2018-04-29,13.0,False
2018-04-30,13.0,False
2018-05-01,13.0,False
2018-05-02,13.0,False
2018-05-03,13.0,False
2018-05-04,13.0,False
2018-05-05,13.0,False
2018-05-06,13.0,False
2018-05-07,13.0,False
2018-05-08,13.0,False
2018-05-09,13.0,False
2018-05-10,13.0,False
2018-05-11,13.0,False
2018-05-12,13.0,False
2018-05-13,12.0,False
2018-05-14,12.0,False
2018-05-15,12.0,False
2018-05-16,12.0,False
2018-05-17,12.0,False
2018-05-18,12.0,False
2018-05-19,12.0,False
2018-05-20,11.0,False
2018-05-21,11.0,False
2018-05-22,11.0,False
2018-05-23,11.0,False
2018-05-24,11.0,False
2018-05-25,11.0,False
2018-05-26,11.0,False
2018-05-27,11.0,False
2018-05-28,11.0,False
2018-05-29,11.0,False
2018-05-30,11.0,False
2018-05-31,11.0,False
2018-06-01,11.0,False
2018-06-02,11.0,False
2018-06-03,10.0,False
2018-06-04,10.0,False
2018-06-05,10.0,False
2018-06-06,10.0,False
2018-06-07,10.0,False
2018-06-08,10.0,False
2018-06-09,10.0,False
2018-06-10,12.0,False
2018-06-11,12.0,False
2018-06-12,12.0,False
2018-06-13,12.0,False
2018-06-14,12.0,False
2018-06-15,12.0,False
2018-06-16,12.0,False
2018-06-17,10.0,False
2018-06-18,10.0,False
2018-06-19,10.0,False
2018-06-20,10.0,False
2018-06-21,10.0,False
2018-06-22,10.0,False
2018-06-23,10.0,False
2018-06-24,11.0,False
2018-06-25,11.0,False
2018-06-26,11.0,False
2018-06-27,11.0,False
2018-06-28,11.0,False
2018-06-29,11.0,False
2018-06-30,11.0,False
2018-07-01,10.0,False
2018-07-02,10.0,False
2018-07-03,10.0,False
2018-07-04,10.0,False
2018-07-05,10.0,False
2018-07-06,10.0,False
2018-07-07,10.0,False
2018-07-08,9.0,False
2018-07-09,9.0,False
2018-07-10,9.0,False
2018-07-11,9.0,False
2018-07-12,9.0,False
2018-07-13,9.0,False
2018-07-14,9.0,False
2018-07-15,11.0,False
2018-07-16,11.0,False
2018-07-17,11.0,False
2018-07-18,11.0,False
2018-07-19,11.0,False
2018-07-20,11.0,False
2018-07-21,11.0,False
2018-07-22,12.0,False
2018-07-23,12.0,False
2018-07-24,12.0,False
2018-07-25,12.0,False
2018-07-26,12.0,False
2018-07-27,12.0,False
2018-07-28,12.0,False
2018-07-29,11.0,False
2018-07-30,11.0,False
2018-07-31,11.0,False
2018-08-01,11.0,False
2018-08-02,11.0,False
2018-08-03,11.0,False
2018-08-04,11.0,False
2018-08-05,11.0,False
2018-08-06,11.0,False
2018-08-07,11.0,False
2018-08-08,11.0,False
2018-08-09,11.0,False
2018-08-10,11.0,False
2018-08-11,11.0,False
2018-08-12,11.0,False
2018-08-13,11.0,False
2018-08-14,11.0,False
2018-08-15,11.0,False
2018-08-16,11.0,False
2018-08-17,11.0,False
2018-08-18,11.0,False
2018-08-19,10.0,False
2018-08-20,10.0,False
2018-08-21,10.0,False
2018-08-22,10.0,False
2018-08-23,10.0,False
2018-08-24,10.0,False
2018-08-25,10.0,False
2018-08-26,10.0,False
2018-08-27,10.0,False
2018-08-28,10.0,False
2018-08-29,10.0,False
2018-08-30,10.0,False
2018-08-31,10.0,False
2018-09-01,10.0,False
2018-09-02,11.0,False
2018-09-03,11.0,False
2018-09-04,11.0,False
2018-09-05,11.0,False
2018-09-06,11.0,False
2018-09-07,11.0,False
2018-09-08,11.0,False
2018-09-09,10.0,False
2018-09-10,10.0,False
2018-09-11,10.0,False
2018-09-12,10.0,False
2018-09-13,10.0,False
2018-09-14,10.0,False
2018-09-15,10.0,False
2018-09-16,9.0,False
2018-09-17,9.0,False
2018-09-18,9.0,False
2018-09-19,9.0,False
2018-09-20,9.0,False
2018-09-21,9.0,False
2018-09-22,9.0,False
2018-09-23,9.0,False
2018-09-24,9.0,False
2018-09-25,9.0,False
2018-09-26,9.0,False
2018-09-27,9.0,False
2018-09-28,9.0,False
2018-09-29,9.0,False
2018-09-30,8.0,False
2018-10-01,8.0,False
2018-10-02,8.0,False
2018-10-03,8.0,False
2018-10-04,8.0,False
2018-10-05,8.0,False
2018-10-06,8.0,False
2018-10-07,8.0,False
2018-10-08,8.0,False
2018-10-09,8.0,False
2018-10-10,8.0,False
2018-10-11,8.0,False
2018-10-12,8.0,False
2018-10-13,8.0,False
2018-10-14,8.0,False
2018-10-15,8.0,False
2018-10-16,8.0,False
2018-10-17,8.0,False
2018-10-18,8.0,False
2018-10-19,8.0,False
2018-10-20,8.0,False
2018-10-21,8.0,False
2018-10-22,8.0,False
2018-10-23,8.0,False
2018-10-24,8.0,False
2018-10-25,8.0,False
2018-10-26,8.0,False
2018-10-27,8.0,False
2018-10-28,8.0,False
2018-10-29,8.0,False
2018-10-30,8.0,False
2018-10-31,8.0,False
2018-11-01,8.0,False
2018-11-02,8.0,False
2018-11-03,8.0,False
2018-11-04,8.0,False
2018-11-05,8.0,False
2018-11-06,8.0,False
2018-11-07,8.0,False
2018-11-08,8.0,False
2018-11-09,8.0,False
2018-11-10,8.0,False
2018-11-11,10.0,False
2018-11-12,10.0,False
2018-11-13,10.0,False
2018-11-14,10.0,False
2018-11-15,10.0,False
2018-11-16,10.0,False
2018-11-17,10.0,False
2018-11-18,14.0,False
2018-11-19,14.0,False
2018-11-20,14.0,False
2018-11-21,14.0,False
2018-11-22,14.0,False
2018-11-23,14.0,False
2018-11-24,14.0,False
2018-11-25,14.0,False
2018-11-26,14.0,False
2018-11-27,14.0,False
2018-11-28,14.0,False
2018-11-29,14.0,False
2018-11-30,14.0,False
2018-12-01,14.0,False
2018-12-02,12.0,False
2018-12-03,12.0,False
2018-12-04,12.0,False
2018-12-05,12.0,False
2018-12-06,12.0,False
2018-12-07,12.0,False
2018-12-08,12.0,False
2018-12-09,11.0,False
2018-12-10,11.0,False
2018-12-11,11.0,False
2018-12-12,11.0,False
2018-12-13,11.0,False
2018-12-14,11.0,False
2018-12-15,11.0,False
2018-12-16,12.0,False
2018-12-17,12.0,False
2018-12-18,12.0,False
2018-12-19,12.0,False
2018-12-20,12.0,False
2018-12-21,12.0,False
2018-12-22,12.0,False
2018-12-23,10.0,False
2018-12-24,10.0,False
2018-12-25,10.0,False
2018-12-26,10.0,False
2018-12-27,10.0,False
2018-12-28,10.0,False
2018-12-29,10.0,False
2018-12-30,9.0,False
2018-12-31,9.0,False
2019-01-01,9.0,False
2019-01-02,9.0,False
2019-01-03,9.0,False
2019-01-04,9.0,False
2019-01-05,9.0,False
2019-01-06,9.0,False
2019-01-07,9.0,False
2019-01-08,9.0,False
2019-01-09,9.0,False
2019-01-10,9.0,False
2019-01-11,9.0,False
2019-01-12,9.0,False
2019-01-13,8.0,False
2019-01-14,8.0,False
2019-01-15,8.0,False
2019-01-16,8.0,False
2019-01-17,8.0,False
2019-01-18,8.0,False
2019-01-19,8.0,False
2019-01-20,7.0,False
2019-01-21,7.0,False
2019-01-22,7.0,False
2019-01-23,7.0,False
2019-01-24,7.0,False
2019-01-25,7.0,False
2019-01-26,7.0,False
2019-01-27,7.0,False
2019-01-28,7.0,False
2019-01-29,7.0,False
2019-01-30,7.0,False
2019-01-31,7.0,False
2019-02-01,7.0,False
2019-02-02,7.0,False
2019-02-03,8.0,False
2019-02-04,8.0,False
2019-02-05,8.0,False
2019-02-06,8.0,False
2019-02-07,8.0,False
2019-02-08,8.0,False
2019-02-09,8.0,False
2019-02-10,7.0,False
2019-02-11,7.0,False
2019-02-12,7.0,False
2019-02-13,7.0,False
2019-02-14,7.0,False
2019-02-15,7.0,False
2019-02-16,7.0,False
2019-02-17,8.0,False
2019-02-18,8.0,False
2019-02-19,8.0,False
2019-02-20,8.0,False
2019-02-21,8.0,False
2019-02-22,8.0,False
2019-02-23,8.0,False
2019-02-24,8.0,False
2019-02-25,8.0,False
2019-02-26,8.0,False
2019-02-27,8.0,False
2019-02-28,8.0,False
2019-03-01,8.0,False
2019-03-02,8.0,False
2019-03-03,7.0,False
2019-03-04,7.0,False
2019-03-05,7.0,False
2019-03-06,7.0,False
2019-03-07,7.0,False
2019-03-08,7.0,False
2019-03-09,7.0,False
2019-03-10,7.0,False
2019-03-11,7.0,False
2019-03-12,7.0,False
2019-03-13,7.0,False
2019-03-14,7.0,False
2019-03-15,7.0,False
2019-03-16,7.0,False
2019-03-17,7.0,False
2019-03-18,7.0,False
2019-03-19,7.0,False
2019-03-20,7.0,False
2019-03-21,7.0,False
2019-03-22,7.0,False
2019-03-23,7.0,False
2019-03-24,7.0,False
2019-03-25,7.0,False
2019-03-26,7.0,False
2019-03-27,7.0,False
2019-03-28,7.0,False
2019-03-29,7.0,False
2019-03-30,7.0,False
2019-03-31,12.0,False
2019-04-01,12.0,False
2019-04-02,12.0,False
2019-04-03,12.0,False
2019-04-04,12.0,False
2019-04-05,12.0,False
2019-04-06,12.0,False
2019-04-07,10.0,False
2019-04-08,10.0,False
2019-04-09,10.0,False
2019-04-10,10.0,False
2019-04-11,10.0,False
2019-04-12,10.0,False
2019-04-13,10.0,False
2019-04-14,9.0,False
2019-04-15,9.0,False
2019-04-16,9.0,False
2019-04-17,9.0,False
2019-04-18,9.0,False
2019-04-19,9.0,False
2019-04-20,9.0,False
2019-04-21,9.0,False
2019-04-22,9.0,False
2019-04-23,9.0,False
2019-04-24,9.0,False
2019-04-25,9.0,False
2019-04-26,9.0,False
2019-04-27,9.0,False
2019-04-28,9.0,False
2019-04-29,9.0,False
2019-04-30,9.0,False
2019-05-01,9.0,False
2019-05-02,9.0,False
2019-05-03,9.0,False
2019-05-04,9.0,False
2019-05-05,12.0,False
2019-05-06,12.0,False
2019-05-07,12.0,False
2019-05-08,12.0,False
2019-05-09,12.0,False
2019-05-10,12.0,False
2019-05-11,12.0,False
2019-05-12,18.0,True
